.@email.com;08a414f9e8aeb5be3919
vorname.nachname@email.com;cd143339f16358cb56c5
maelodie.van_der_vlies@email.com;ee52e94068e651549069
angaele.edgecumbe@email.com;104452e9f7bd66a35c9d
zhai.andreasson@email.com;60e850f4ca8871f8c533
judicaael.koppeck@email.com;1dc7a2ca0cd70054a068
baerengaere.capron@email.com;e4100679f0c9b85505aa
laeonie.brosini@email.com;2b3ed6c4c9493f7560e2
vaenus.garfit@email.com;758baec570b7a734a293
maelina.janota@email.com;1628aa0153ee9356e0e1
lauraene.bake@email.com;a3cd2f00f6532f6db544
raegine.dorkins@email.com;ee2b388d656be145a727
caecile.moffet@email.com;4f1918ed547cd07953b3
maaelann.labrone@email.com;8f040991874fad2e020e
maelinda.newbold@email.com;27d1f65dce0f9ed24399
maans.itzhak@email.com;5a25856b7f3d38d48427
maelodie.pattlel@email.com;b5aae61731c6c4852b59
caeline.bonett@email.com;00745d1d2dcc3e14ebda
adaelie.mcgreal@email.com;98321a16ead6f45a7ab7
haelaene.soldan@email.com;bc0dce44cda976d30bb6
michaele.cluer@email.com;c92d05f5939c8421c8aa
maaeline.mauller@email.com;bd2c438e22e78178d5b5
maaelann.benedito@email.com;42e828426e69dd65f83b
nuao.gransden@email.com;03ae73b2e7414738223a
baerengaere.stainton@email.com;3f0877136d9b33e0b3b6
waa.sabater@email.com;f85216cbd8a488ab679a
anaais.cochran@email.com;fc8becd5cefafa2fb772
gaerald.bessant@email.com;86c03f3e17ea2d016549
ruao.coffin@email.com;f37053cfdff777709610
maelodie.mustill@email.com;5bdcc5db0150628b5caf
ruao.stanesby@email.com;6ec27f18562b8166a6df
noaemie.antognelli@email.com;c2a8cb0c46c252669d84
maaelann.hughson@email.com;0fc408ca31012c5d038e
milaena.mieville@email.com;6892f85cbc3d3ab2d557
maailys.chamberlin@email.com;67b8f47f67f8b2c002ea
nadaege.tomalin@email.com;4f37e7ba390fa3f46ca7
ocaeane.o'mara@email.com;1f492bf4ecc9961357ae
caecile.aguirrezabala@email.com;5946c9ab787daf946762
maaella.gwillim@email.com;041f7fdc2861f1707e3b
laea.mcgahey@email.com;0b1642a0483a6af535ed
lauraene.hagerty@email.com;1ec42159d3c68658cf23
dorothaee.link@email.com;a383f5dc78c79d934fd0
claementine.kynsey@email.com;fbc1bfbbf22672d1068d
loraene.smitherman@email.com;cf7d16f536e689ebaba4
claeopatre.klulicek@email.com;da4a5c072099ab3bc7e3
lauraene.castaneda@email.com;e283d5b80c71eb30baa0
maelia.constant@email.com;a3d764cd37fe8f4f7149
lucraece.clunie@email.com;4d32a2bcf1ca77cea9f8
elaeonore.mcmurthy@email.com;e247d7288e5ad2b2b15d
maelia.bevar@email.com;4f611166f0c35476d805
camaelia.bontine@email.com;eb5467ab16852b1eb907
maethode.jozefczak@email.com;3806287e9ac4d443e550
audraeanne.hinsche@email.com;56a6f5b34e0e51f20a44
andraee.varne@email.com;01cd2463fbb31957a746
maarten.kinleyside@email.com;c1cf06b3fb54104a738a
estaeve.mcewan@email.com;83617d93cce06e5f4799
laeane.dibbert@email.com;b22f35f8f63a0769e35e
maa.thewlis@email.com;a73eed959d4c90762f59
claea.djurkovic@email.com;e244ca189abbf204887a
rachaele.reburn@email.com;733a5c3d3e60d2ca7769
gaerald.gowling@email.com;c7f95e7753a74fe920f3
claeopatre.jackson@email.com;6a97f9e8b5fe1ded787e
desiraee.haskins@email.com;e99d179681813536785b
elaeonore.longson@email.com;44d38bd685ac9def0a26
laeane.dybell@email.com;b537911db2cc6ade7ef9
baecassine.grzesiak@email.com;3b3743da8a7d18b630b7
marie-josaee.pickin@email.com;9aacf009751034e4c0d4
marie-josaee.roxby@email.com;4897d87a3a5b49c8a625
laeonie.feenan@email.com;6fd424ad94a665f51922
valaerie.ellum@email.com;31b299186abaf5bf3d4f
jau.caseri@email.com;4dc3f45f0764ea98f76a
baerje.strangman@email.com;cfea14bbb1b5ee4bfb5b
baeatrice.ghidelli@email.com;34e20f3dc663d6aa3dca
daa.jablonski@email.com;524b26ba5d7eed43cf2d
uao.beveridge@email.com;5b9ee2d1292f26bd1015
valaerie.bestman@email.com;1547eda79191b9c0d7e1
marlaene.pohls@email.com;c2cda486bde8e52dcb0f
maa.nolda@email.com;04853d25459b489f631d
marlaene.bisiker@email.com;abaf7be5a7717d4cd934
estaee.babon@email.com;883b26d4736eb9447e0b
simplifiaes.dmisek@email.com;00e30887efe99d34018d
saelaene.ganing@email.com;4793baaed34c2a3a5fa5
maeryl.penke@email.com;76b5e7585937a42d0f9b
anaais.rawcliff@email.com;e3a39cc5cd657c1e1a77
maelina.andri@email.com;ca87dbcd1d614dc89e53
audraeanne.fodden@email.com;a54a23b1083c8d097933
bjaern.spellesy@email.com;e54715cf942861a15dbc
franacoise.summerscales@email.com;f42fcad224341a5fa1e6
lauraene.ashtonhurst@email.com;96fe33bf1cfd34845ded
valaerie.petters@email.com;0ea82722896ac5e0ff74
anaael.spenclay@email.com;008c1a86e9645247ce6f
staephanie.keech@email.com;c8f0ccc0b64d34a86fe8
inaes.deveril@email.com;bdcfafd762a30a3a9728
baeraenice.gelder@email.com;6e927ec57b5c32202612
maelanie.o'fogerty@email.com;afb7eb9025d15f4e9fc4
fraedaerique.canepe@email.com;42babd6f32df67ab1570
nuao.otton@email.com;98edad9d5811a0e613d6
geneviaeve.trusler@email.com;bd72d6445b15102b8ef4
jau.boag@email.com;284e11d8237ae7624582
josaephine.di_lucia@email.com;86f1d3277dd718f9c892
lauraene.armsden@email.com;7bf2eb80403057f5e157
baecassine.griffe@email.com;ab027b77efe99b4cd759
aloais.parres@email.com;ba6deacd0e16fdfd3fde
claeopatre.gaffey@email.com;aaebd00a3eb00561ce80
andrae.stiger@email.com;902ca770b6339b0624d9
baeatrice.godleman@email.com;868da46c8b0459804319
haakan.harrhy@email.com;97f4826a888d11f0594a
caelestine.dagnan@email.com;0d1fab204a93ff9108a2
claemence.haggart@email.com;1be95880cfa6e9e9b881
laong.caban@email.com;7d8612b9c580b32b7c34
gaaetane.grimble@email.com;5e2461c7d56cf668aedf
maaelann.piwall@email.com;5b0a2844c787240612c3
magdalaene.loble@email.com;719198af909e00323fa1
vaeronique.domaschke@email.com;9714ca86185da60e91bb
claea.herity@email.com;48f0950ebc20621eb07a
maaelann.bambrough@email.com;01dc3b0df06e757c64d7
claea.goulstone@email.com;71b48ee32bae28806b4e
renaee.de_leek@email.com;2974757514292c225996
baerje.rudderham@email.com;0171d6c92053a81d9ab6
marylaene.broune@email.com;9ebf61b84c5a99aa60b8
nadaege.mccuish@email.com;a234dfc4046857d0ff9c
anaael.littleover@email.com;7c0acf630c9458cb98d0
liae.baume@email.com;23056185b6e1c3b39bcc
maaella.murrow@email.com;52e06722e50b20dae570
claeopatre.pettifor@email.com;09bb637b70536436366d
gaeraldine.asker@email.com;bddb64a220535a9e0544
gaaetane.smedmore@email.com;af070aa5dd640d22f0eb
maeryl.blencoe@email.com;4e55b64d4c91036d3506
auraelie.chastaing@email.com;ed5b88d6b6825696b928
ocaeanne.marthen@email.com;6624633fe219531d9205
dorothaee.burrill@email.com;d8cfe9b82c37367a5ac2
haakan.belden@email.com;054d2ce43ae10a7507ba
caeline.brunning@email.com;e359f056f8ab52ec0cd1
anaael.lapides@email.com;513bc24850d353523ce3
ruao.saffran@email.com;b55ee9ef1b84b45434cb
loaic.gerretsen@email.com;5a399860ecef529b27d3
ruai.fitzer@email.com;953d882871fd3912742d
annotaee.ogers@email.com;105031005357ef979751
baerje.bindin@email.com;ed5eae0f0a27dae21e7e
maa.cronchey@email.com;3bfb890656ed21d203d1
lauraelie.baiyle@email.com;e4cc22ed781b02e04ae4
dorothaee.older@email.com;4395565a05c1efd8864f
lauraena.wile@email.com;982053b6f0a8a59670b3
claemence.brito@email.com;e4c0e8cefdaf9ace1372
nadaege.dallin@email.com;5eb32582d24e1031eefe
maailis.matley@email.com;e6000fae1c99a643a62d
daniaele.screaton@email.com;4a3880dddcf0cb11ebcd
maediamass.godly@email.com;cfbb561588960461ace9
laeone.kremer@email.com;40d10eda93b24e461cd5
aasa.adrian@email.com;be7eb6470dfa71b6d10a
adaele.doley@email.com;a5cfce05bcd79667969b
faei.sidney@email.com;16b60dc79d88f363a538
marie-josaee.walisiak@email.com;8f97201ee3c9eebd404e
desiraee.diplock@email.com;6a65ac7bc76d8207d54c
gisaele.schust@email.com;a7fc1c03e341b295ccc3
maa.longshaw@email.com;7d7b3875d3d3dfeaafc5
daa.boother@email.com;d86c4f3d60d98a4a89cf
simplifiaes.chaudhry@email.com;5b4feb379cc543a3b9e3
garacon.baniard@email.com;2a3d95060725892b8578
gaaetane.elphee@email.com;c0c61dcada56e5edf86f
gisaele.hassey@email.com;4758b7ef1912791d094f
ocaeanne.booley@email.com;b52349ba5f97963191c7
aorjan.dibden@email.com;e7120bd9badee076be05
raegine.o'cleary@email.com;2ccdd9cec0c0ac60ec14
saelaene.persse@email.com;7481ef6d0656092019f5
haelaena.adenot@email.com;b8787fdb6569db9121da
maaelann.wassung@email.com;28053d385141b8feef04
fraedaerique.ackermann@email.com;00430716d031e5a6dffa
audraeanne.kahen@email.com;c3c9d5dbc0c7c88c6017
maaiwenn.lasty@email.com;c0192f0591c1de156bae
yau.dictus@email.com;8e483ac32500b8438f35
anaae.dukes@email.com;4b3fd740ed72d0a39cab
yaenora.warr@email.com;304cdd7342828b0b4b98
esbjaern.archibold@email.com;9644454fd1e7c41f515f
milaena.pardal@email.com;d34fb4e5ed8699ab8a8e
caelestine.graveston@email.com;78b84d5bab14b0d76da7
maaena.dallas@email.com;9feb17dcf6a8c732a1e2
andraee.tuke@email.com;c836184f1df20752e48d
maethode.seldner@email.com;ac3ad92adf06b5f44b81
vaenus.bullas@email.com;f734153bd37f3d659483
maans.aguirrezabal@email.com;c74407866f32a3b4c3ca
gaaelle.eadington@email.com;855274364121848fd571
anaaelle.falkner@email.com;76904bcf11fb9e6d6b78
ophaelie.height@email.com;6fc518407efa2c018b0a
maarten.bolding@email.com;9bcdf04576e706615704
paelagie.guswell@email.com;7858427b8719a9fac53a
gwenaaelle.lecount@email.com;0c3099f26ea287d96832
haakan.laden@email.com;8382f1bdf4b73166a3ce
marie-josaee.hylands@email.com;4e683383c95d6f8face0
zoae.kingshott@email.com;f704e44f7679cdee22f4
josaee.janous@email.com;90d7c6b436c3e6af81ba
lauraene.gallally@email.com;2919e01c70e68339bf67
anaael.bickle@email.com;908049005e32f7e3c153
maediamass.lebbern@email.com;ddf75be6fdfc88d8e188
baerengaere.hovy@email.com;75cd38e1c74a6e682c7c
aorjan.kilmurray@email.com;4ee771a4e70a1a2ae061
aaslaeg.venny@email.com;83b2e94ed7b0b9d654a6
marie-noael.stoad@email.com;c395efc1f0bac4ba7b0c
haakan.pettifor@email.com;85b75d04f478d3841e38
maaella.willgrass@email.com;0df8c23836af3c1fc87c
thaeraese.ludovici@email.com;c976d43602f51d58b28a
staephanie.trewhitt@email.com;54e9d241c6ed32db0654
maerta.bauduccio@email.com;4933da9361c3c676d911
gaaetane.glaisner@email.com;269456c95d3a1b93b8ea
naaeva.pargeter@email.com;cbcabebcff8ca5cc5e6c
salomae.venable@email.com;6e88c9341c5579b9adf1
baerje.thickett@email.com;0300048878bb9b5804a1
lucraece.prendergrass@email.com;37bd518f4b44cd74d7a1
lauraene.ockleshaw@email.com;55ccd445ac200175b483
caecilia.pasticznyk@email.com;4734de35b4d1e8c6a5fd
staevina.mackey@email.com;ce2657de972ac351583f
marie-noael.reven@email.com;199b680de35f1347cc34
maelina.quilkin@email.com;70b65a2c40c1be7f5244
marie-noael.ferrie@email.com;7f701751e4ce3445ce05
laeone.alphege@email.com;c7d681252392ba1f5571
zoae.leverson@email.com;3061c1efb9027265b39b
annotaes.grayne@email.com;02d2dd84f7ee875e88e2
faaites.lalley@email.com;eca5b5fc30d097758b17
adaele.wallis@email.com;b8ea8cd2dd7c600ad74e
saeverine.madill@email.com;b4f0c06cddbdb385f4b4
valaerie.tebb@email.com;59a9ab6419aa6830e4fc
kallistae.rasper@email.com;fdca8576c02771f90e42
audraeanne.palomba@email.com;d659f54d50952ced4c06
elaea.adamik@email.com;36e0084c60e4a5de9d1f
raeservaes.jakuszewski@email.com;fd445886c20f0083fd2e
athaena.belhomme@email.com;da2ffc185800f727f075
raebecca.crippin@email.com;fec9db61824ca96ebfde
maaiwenn.curman@email.com;9f7c72341a1bdffda5f4
andraee.bunner@email.com;ea2caeabbf3559a6cdea
ruao.winckles@email.com;6634952e2f5c6df1250a
naaeva.buntine@email.com;a66cd40d3a7b143d1c72
baerje.dollard@email.com;5204c7a926182cd1fee3
paenaelope.gorman@email.com;4edd20c909126d1fb5bd
aloais.robelin@email.com;37dab4972725f4f6721b
anaaelle.tindle@email.com;1ecee11c2af357983c84
yae.frears@email.com;c490b25203a322c4e8c3
andraee.ovid@email.com;01ba6ddac0a654e25720
haakan.peat@email.com;857a445e7c0d6e68b9aa
andrae.januszewski@email.com;3d87e78ebd7f46be0d4f
annotaes.clemmett@email.com;d747e425003b63276323
paal.lambswood@email.com;afe236936dd25f6755a1
yaao.lenton@email.com;bba1dd53ea518bbb7434
haakan.boyton@email.com;5d7ded870f42330a4888
naelie.forsey@email.com;eed2f25d81f3bcc10f37
haakan.horche@email.com;e5ccd607934e9607e8b0
loraene.sinkings@email.com;b616964431d11c2a0244
marie-thaeraese.creddon@email.com;2687f841094fbe084efd
baeraenice.tolworthy@email.com;cd66bf1e4cb56111e48e
thaeraesa.land@email.com;1dc0538606a3c824d188
marie-thaeraese.gianilli@email.com;e55909ebe151cff1d247
maeryl.glew@email.com;907869f212867b51275a
adaele.debling@email.com;30a056b692414ca8ac9d
anaae.metzke@email.com;cc053c5fac3ed6c5004d
gaaetane.gooden@email.com;869f40de043cd5bf692c
laaila.bootland@email.com;fbb6529c16d55c45c920
maaitae.helsdon@email.com;591c3d21f7fd22ef18db
andraee.malley@email.com;41eace27795e38d5580b
paal.simmens@email.com;1d5919dd1c51880f939d
maaelys.nuccitelli@email.com;455ff0a4ef3f4936049a
dafnaee.sibary@email.com;492374fc7e093cd759ab
aloais.harsnep@email.com;5b3a73c12407b1f20665
marie-haelaene.lacky@email.com;9795ac4f68d811ccf941
mylaene.youthed@email.com;93fe2d98d6c827513f9a
marie-haelaene.dehmel@email.com;5fe20dd7d3003e64320a
angaele.batman@email.com;d2b0da32bbbb2ab8220d
maelia.younghusband@email.com;9a2d92b69da33115662f
eloaise.baldi@email.com;03cb64066bbcb901c223
illustraee.dun@email.com;ae38245cb0069b344513
geneviaeve.late@email.com;ec176a0868553ac25baf
caelestine.colville@email.com;e5ede2714ffa3f4f25fb
gwenaaelle.scarlon@email.com;413d1782a22b37ddf93e
raegine.boddie@email.com;4b2e9280788abe843b17
craeaez.gaughan@email.com;c688854a59568dda683a
gaaia.longford@email.com;4402250a53894663f47b
maailis.buckby@email.com;4174dd870a81c6f2c6de
saong.parbrook@email.com;c5eaa6296dd8c1087803
fraedaerique.heddan@email.com;4a48009b3a3472aab37a
aake.kirtlan@email.com;b9197a07e19a7400e94c
naelie.runciman@email.com;9cb03dd1658670b1a26b
maailis.cardnell@email.com;3b85b868e3d55dfb74a9
iraene.navarro@email.com;f72c067e0eed8bd3d4b5
maaitae.cough@email.com;adeae044c7df00177585
anaaelle.stocky@email.com;52851573d47919a9d290
maethode.moulder@email.com;eb7dbf1111cdadfab873
pao.stafford@email.com;206ec51c43373d541a4a
faaites.scraggs@email.com;3c0efa1ba676ecbc802c
adaelaaide.dullard@email.com;e05d0f216b67efe0e978
desiraee.leonard@email.com;981e4276c677891d7839
gaeraldine.badgers@email.com;ef86129953819ee1e549
ruao.masic@email.com;94ee1d65794b915b85e9
auraelie.lieber@email.com;a463e0c5fb849595e91b
naaelle.balcock@email.com;97d35a6303e8cf676465
camaelia.elger@email.com;0b4aa62cbf3598067105
publicitae.oakeshott@email.com;db3362f37f0c7a9639d6
claeopatre.fawley@email.com;2919e01c70e68339bf67
lauraene.bruckmann@email.com;54db23d20c6dbd182196
ruai.haughton@email.com;10ae913661c9b0895e1f
aasa.ladewig@email.com;f1a39c619b7e23a69392
gisaele.janecek@email.com;534d28a69b4f16642ef4
maaily.loveridge@email.com;476db424fd5baae6cae4
marie-aeve.yurkiewicz@email.com;c69769fb49605ff90edc
faei.roder@email.com;bdbb8bc7b64350f653f6
edmaee.chatburn@email.com;fb2f3ac469ac42bdab44
gaeraldine.darke@email.com;66ca945d9b74ca12fe5c
yae.jira@email.com;d6225d2868b7129125c4
publicitae.persent@email.com;e47ed0a2efe396697501
saeverine.wilcox@email.com;f18f67e32f06c11b36e6
yaao.mcclaren@email.com;b9ba4c00d66c457a2c45
thaeraesa.foynes@email.com;3d1108469b16342a97c5
staephanie.isley@email.com;8a1aea04542b25069dbc
torbjaern.growy@email.com;0053670547e596c1a08b
eloaise.tunnadine@email.com;978007cdab3a549537f5
maaeline.cossentine@email.com;468ada8c8073c114bd35
naelie.de_santos@email.com;514fd0355ad81a1038c3
gaaetane.axston@email.com;375f444e834adcc9e9c7
aimaee.merman@email.com;ea1f5e6a82831a4a9234
aorjan.drivers@email.com;133dec161e69ebe2b343
aimaee.miroy@email.com;3345dd2279b5a84ff54b
naelie.glyde@email.com;f5465bd6571871b3fc11
haakan.kapelhof@email.com;c2b048731a310a5e2049
maaelyss.cauley@email.com;92b1fe95d08543bc4f51
elaea.vaggs@email.com;1f0ef8b620e22a3e7ae1
maaelys.but@email.com;2e96d384a1a5c1b261db
maaella.arthurs@email.com;c5d7ccfa94e75c41503f
adaele.liebrecht@email.com;b08471e70c3f1b404b91
maeline.lomasny@email.com;aba8550786a41876ec51
maediamass.schwant@email.com;43d7143c04803f8a0f1e
laeone.saunt@email.com;d3a799441437f0083b21
annotaes.gouch@email.com;ee22bc22c97fa3fc6be0
gaaetane.bowich@email.com;03ccede932eb2763dae1
alizaee.strelitzki@email.com;349c54ba981392f41faf
laeone.poile@email.com;645ff2ea6f3f96eb60ea
amaelie.saban@email.com;334f33474197c2edc514
maarten.mc_menamin@email.com;10cb1cb5b90fb82c21c4
baecassine.keets@email.com;df26b011ef7bd8e3f144
caeline.million@email.com;1c569a8e1d54e78a9559
gaeraldine.belitz@email.com;845a0d7e7bb3bb84bbef
salomae.mardling@email.com;faac963e4b8f33972f94
maelia.blakemore@email.com;c36feb283f9cb460de0a
dafnaee.mcaulay@email.com;3a88a44b7e370e5d774e
garacon.dennett@email.com;d71b233c84d2458d3c74
intaeressant.lesor@email.com;0d97c86b167c234ce8df
annotaee.wasbrough@email.com;6f5e135472f86eeb391e
aasa.ibbeson@email.com;74309f15250bc65d202b
maaily.kennealy@email.com;bea5491713c27077ea12
yae.seares@email.com;989236bb3d67558c026f
athaena.harbron@email.com;f51a73164e92052fbb53
andraeanne.portail@email.com;253c3fe2b5157e24a354
gaeran.zannelli@email.com;55c58a86842a01f608b2
gaerald.leathlay@email.com;9e574ac1a6f71154d1bc
andraeanne.chown@email.com;03ae73b2e7414738223a
estaeve.clementel@email.com;e970f4dc79b13514ee70
laeone.legan@email.com;b52d0313c85f604a2e1e
maaena.pownall@email.com;0d7293c2227f3b78f580
andraee.rettie@email.com;a1a7125e42a591ebd277
inaes.kenwrick@email.com;d5812dde972d03db1fad
marie-haelaene.yarnall@email.com;d84f8bb9adb5bc5a0915
pao.martin@email.com;e58b8fef6909dc0e3ea0
ruao.celiz@email.com;51d8845ed27a3b01325e
pao.bissett@email.com;19c2b2c7076378ddb694
dau.swindon@email.com;c5a0c6c8003258fe74fd
intaeressant.gouldthorp@email.com;b25530390fbfbe06e4da
laeandre.lilburn@email.com;68b4983ecaabdc4fba6e
bjaern.whales@email.com;f84a714798bd71f3a6df
intaeressant.dieton@email.com;bdb12b97c4138b4d3f21
caelestine.redhills@email.com;78b525d8fd204faec155
taan.yakovlev@email.com;30f84171b8df03e65d05
raegine.mcdowell@email.com;d81cb83ffce94d2e0e92
jau.coysh@email.com;ea3df3b90576a31dcb06
raeservaes.o'fallon@email.com;0116a06b764c420b8464
fraedaerique.sobey@email.com;752d8b5babc7f41930e1
marie-aeve.garstang@email.com;e15166f524bcdfa0f9d2
andrae.tapin@email.com;b57822926d95b80e9989
esbjaern.eynon@email.com;3299bb82bda42a978cf0
maaella.duffy@email.com;1ee1c0c544aabd5c7009
laeandre.twinning@email.com;c5ac8f4c1da557234ba7
maai.whittingham@email.com;e4d93e22f7c7f4d57cff
rachaele.shevelin@email.com;806c00bae6c356fdbe46
caecile.mcure@email.com;753d7eb5c0d2c6d9e80f
marie-aeve.yurkevich@email.com;d8c57fd61e31811cc0dd
almaerinda.paice@email.com;20b7c8ab8aa273787c01
raao.howkins@email.com;5d8ce5b5aa833b094d6f
saeraena.pack@email.com;8f0c7d038a2d69f9b436
raebecca.mant@email.com;9ef4e34dee2b0e6f1705
raeservaes.spitell@email.com;ea8a6384156b7ecbccfc
garacon.hamfleet@email.com;fc8a0ff53364f3a2d22c
maethode.kerkham@email.com;19202fbf72b808f85d06
paelagie.camies@email.com;4dee09cb73b966167aa0
josaephine.macpharlain@email.com;bd2476ea47cce5769f73
eugaenie.mathet@email.com;e01928f86bf307724f96
gaaetane.brangan@email.com;a9d7701c54d16b901241
michaele.dewbury@email.com;4b519fe2cbcb8aa1529a
eugaenie.elcott@email.com;ece1bf5e9eb0beaac937
maegane.harniman@email.com;76ae42b1936ad1c7b127
agnaes.cluney@email.com;1eb29d3c134845784838
marie-haelaene.angear@email.com;537205e02d4466fc8366
maelia.dolphin@email.com;fdba79c08373388b28a2
loais.ruseworth@email.com;34ed105b0877d932e952
maailys.ryding@email.com;3067ba72f16b748cb034
rachaele.wulfinger@email.com;270d8759b11f13233dde
gwenaaelle.talton@email.com;334068acf074796446ce
laong.ronchetti@email.com;a21cebf9ce808254c9b1
styrbjaern.kloska@email.com;86b9df2f2b04144ee6ea
laen.sudran@email.com;65487fb0040daeb8ffd8
maaelle.andrysek@email.com;6f2f566a7cda1f2b3a37
saelaene.senior@email.com;df0676f7757821429fa5
anaais.joskovitch@email.com;ec42b77c46027333cc0a
marie-noael.dally@email.com;c02ad54c639e925b2f66
marie-haelaene.laurence@email.com;e08f2a0bdc51707bfc98
camaelia.foxon@email.com;3890a1b4719da0fc44d2
haelaene.cankett@email.com;f985cb59265fbd7d4d7c
maarten.mitchelson@email.com;38d791285b41943448fd
haelaena.stirtle@email.com;e6a53e902f3aafd6cd07
laeane.barmby@email.com;f708497cb39ea87ffd58
gaeran.o'finan@email.com;ed2812fe3bf586729379
styrbjaern.proby@email.com;99218efca551756eb1b6
zoae.halse@email.com;709d181ae0bca659d41d
kuai.drable@email.com;e60fbbd3c130db2d67f7
desiraee.bamford@email.com;07fbacc688715758ebe2
zoae.suller@email.com;c5fcbcb1ceaac099c0c6
marylaene.audiss@email.com;5bb87fc2095a563617f6
adaelaaide.poznanski@email.com;2b9d45d163b733b37b75
maaella.coleyshaw@email.com;5d9041ffcae247c2c3a5
marie-franacoise.gelder@email.com;be59c0833c0d90bc9590
elaeonore.chaffyn@email.com;8373fa500c724ea899d5
caelestine.sikorsky@email.com;ae56ef286f79186103e8
staevina.londsdale@email.com;a79b8ea16ad991c31bb9
maaiwenn.nevitt@email.com;aa84c2dce2a6a587cf5a
magdalaene.gerrey@email.com;69f62be7c376ca6f6762
baecassine.latimer@email.com;a163dd07e9750f2a9f87
daa.lethibridge@email.com;4f2b426fd90b47c53f0e
maailys.claige@email.com;9bf8e48bcaf54d7a194d
maaena.torbard@email.com;b233764bfa796291de34
solaene.lyvon@email.com;8bff39d56029945dab0b
marie-thaeraese.benbrick@email.com;c0131c98847f4e34f78a
gaerald.edmonson@email.com;6d05d151714ab171db11
aake.messruther@email.com;c6b8ccf04ddcd8228987
maen.gosneye@email.com;653098afb3022646e8b3
anaais.jefferys@email.com;4db9d619cb9161a14d26
publicitae.tregale@email.com;47024a15bcea9eeed6a4
maaily.santorini@email.com;8395e607482c9d84a646
inaes.pioch@email.com;07fef3b7e06486b97535
noaemie.marklew@email.com;4428c353f189a9637943
maeghane.maccaffrey@email.com;91a246892f4f3fd9bc08
baerangaere.ambrogio@email.com;57ef812c1c4730320ef0
maediamass.ryce@email.com;64bc821226277fd67264
aosten.ubank@email.com;cddab831882683576a4a
maelina.mackee@email.com;9162da5b58a27dea2e94
thaeraesa.livezey@email.com;ee7502bba307fbe99fb8
claemence.weal@email.com;0200e93aa293643c66d7
faaites.overton@email.com;1dc7a2ca0cd70054a068
claea.lindblad@email.com;b4e3b90076dc57dfda6b
josaephine.roseaman@email.com;09c695ed034f39e9c27a
aosten.lowbridge@email.com;be59c0833c0d90bc9590
marie-josaee.brion@email.com;25843bab5326e605e721
thaeraese.basili@email.com;ed08c686571086f386e5
maelia.vertigan@email.com;27564799018779e0261c
judicaael.saull@email.com;c83beb05bed052ff5bd3
saelaene.valentine@email.com;e906a23d91f8eea602cb
vaerane.dunlap@email.com;182a404b8c08aa564e9e
maeline.kinnear@email.com;eed099076fa8f32d85dc
laei.luttgert@email.com;1a7703f478e710258efa
styrbjaern.lathleiffure@email.com;663bda06c5733fa43224
marlaene.blasi@email.com;91387b9f5fda4804f856
maai.begwell@email.com;c1c09d6fd3a11e9c6355
gwenaaelle.kaines@email.com;a38442ace5887f0ec04c
gaerald.adamthwaite@email.com;acbb369233cb1d38bf17
kuai.hartfield@email.com;abaf438a2020f8a7472c
salomae.currao@email.com;1efcd799a7f1bc993f51
angaelique.tixier@email.com;0706867c28a35a99f371
jau.mcgragh@email.com;859e1a08b658c3a98cb1
dafnaee.beachem@email.com;e53e1b8f904082834018
craeaez.terlinden@email.com;6303db04bda01389152c
uao.mcskeagan@email.com;7714e8d6873173aa18bb
edmaee.mccaughren@email.com;dac8ed3fddaad76b2cf7
aaslaeg.cozby@email.com;3e5dbb0f8766b12e6d08
maelodie.traite@email.com;ea45fe54dd9ce1ab9012
dorothaee.aindriu@email.com;f4a0a0581e749c3e171a
daniaele.doley@email.com;c404244ab42de7fb4958
maediamass.fairclough@email.com;b50cab9af7f9c7c2133f
loraene.rainforth@email.com;c489fd54b0d317e344ed
laeonore.eyer@email.com;da166b840427a928bd0f
pao.spillman@email.com;971ca9295e341fc9bd23
caecilia.plitz@email.com;a93b29fa35234236ed20
loraene.ludlow@email.com;16dbc634973aa10bdb20
baerangaere.neligan@email.com;29343df25a1e511d600f
simplifiaes.huggan@email.com;94f7d5a6fd009b47ebcc
claelia.prandy@email.com;76a3a4d214fd5890841d
aake.osban@email.com;6230a20dd7fff15c5db5
cunaegonde.brunn@email.com;4dac4ce7692506ef2479
laong.grizard@email.com;da02d93912fa0b882e77
maeghane.diss@email.com;b7770fdd4d4e23cba470
thaeraese.oldman@email.com;67c25fa691ce35920a86
baerje.scamerdine@email.com;f4585b767d71e9616fbc
dau.saban@email.com;2f2e6f0ed3cc50a63ac3
haakan.clynmans@email.com;615ecfcdb93d078217c4
waa.macdowal@email.com;d07c0e0e7e7551deccf7
vaenus.hatrey@email.com;51449dd3d2069f635c81
anaaelle.vispo@email.com;c7d1ad083ce6ae3a2d5f
mahaelie.ollcott@email.com;fa5d456dcbecd442ad60
maediamass.whyman@email.com;009ce4d199b500b56adb
esbjaern.basson@email.com;fe550f536eff4e20e6e0
andraea.morrill@email.com;17b30968db100cddc487
maelys.grassi@email.com;169b7ac13cbb94bd62ad
laeone.poleye@email.com;f0736efe3c489eb378cc
franacoise.penny@email.com;21bebcbfd2e2282f846c
raebecca.edney@email.com;e1647bcb202cb55d0e17
adaelaaide.murtagh@email.com;94e29a7436a802608b82
staevina.winterbourne@email.com;9ea9571cf38b3d0cc380
maa.cottom@email.com;422b9696ab0ae7cb5cad
taan.harold@email.com;4e3adbd5e8daad56427a
vaenus.forte@email.com;f0439df263bda1922811
almaerinda.o'luney@email.com;e2731c1111a18d9d269d
claeopatre.brehault@email.com;7a0c8deb59bc898fb7f4
intaeressant.lapides@email.com;260b18878f6fd9d0cbba
raeservaes.hallatt@email.com;65c6a9136d6a31684922
annotaes.birdwhistle@email.com;d03fb94e46c4e4314360
aai.dredge@email.com;d3d70a9d33f6fc948f6b
maegane.mussard@email.com;f51ae18fa4dbf297ff72
esbjaern.gowrich@email.com;9f885cf74c878b467e40
baerje.brislawn@email.com;a837f8e670598658a008
baecassine.wilce@email.com;4bcbeaa59ecfbb72a5a6
personnalisaee.oels@email.com;9598a5b1d3f1fe61caff
vaerane.pett@email.com;2b5bfc1cf775cecb4d36
marylaene.glewe@email.com;fae497b8fe5b06b566d4
laai.elson@email.com;71f7b72508c5c018be40
saeraena.di_franceschi@email.com;74ee20899753810511c1
liae.espinel@email.com;bb920d8d1739f9b30fda
marylaene.fantini@email.com;1f6d8955a99e553b326d
andrae.archdeckne@email.com;3dc49b7fa0ff2e330394
gaeran.bohlingolsen@email.com;e65609944b7851e48f9d
cunaegonde.heffer@email.com;2fa033eb4d0fb98f136e
taan.fechnie@email.com;67f2ea16ab77b3c23791
marie-noael.brammar@email.com;63634dc387b09185352d
simplifiaes.aven@email.com;eed0a100fa25aabb53be
maelys.pinchen@email.com;66f94872c6e26b967ac0
edmaee.joyner@email.com;a1e17928e5bb09bb4396
baerengaere.edess@email.com;4830a24e05692df75ff7
marie-noael.goward@email.com;4439f2c4f5aff8206c1d
jau.edmons@email.com;e09f4937328777dc43e7
fraedaerique.airds@email.com;81425ae11d885e2e15ba
raeservaes.dauby@email.com;c1dd66a917e51229d854
haakan.gynni@email.com;c753a0144e98ed305214
laeonore.pinwill@email.com;034e42e6a35cf0058f77
marie-aeve.mcallan@email.com;90fafcc60c7ee9f7a16e
naaelle.yeabsley@email.com;4b3fb678a468927e1972
naelie.jacobovitz@email.com;230316cf3cd4b9120d55
adaele.conelly@email.com;71c398cac609a81448fc
claementine.dondon@email.com;586b49699d5b85a28a8e
zhai.willcot@email.com;1f66ba260e51fc18e92d
chloae.janicki@email.com;7a682bd8cdd0f8f3073c
maeng.linde@email.com;fe9c567c822436dd74a3
caeline.janisson@email.com;f69961815d817d77e497
claelia.crow@email.com;f7cd585576d0a9cb1873
caecile.pyott@email.com;97a29a360c0656b85526
maa.fidelus@email.com;647123c26ea207bfdf75
marie-haelaene.poore@email.com;d55824e6054e20be53df
eliaes.blanket@email.com;4e5bb77b397a78b2acd6
yau.boyer@email.com;ad41d0b84a22945bc5fc
caelia.welds@email.com;df19c5f2b91cbe8371c2
dau.gunney@email.com;699598531905f6322348
gaerel.crush@email.com;81a82ff5c0307f773031
marie-josaee.brosius@email.com;af3d5de3b2eb91037458
camaelia.adds@email.com;ac80fa3fa24065167a27
anaae.irwin@email.com;177ad50a29a39b441479
claeopatre.skeffington@email.com;df71ffa0aa78cdf72a01
gaerald.suggate@email.com;5357714ee180564cee4d
lauraene.tailour@email.com;d62c9748f3fd674394a6
amaelie.hoble@email.com;f4f846495228a5e1bd91
vaenus.getch@email.com;67d85ec4d5a35e90fa7b
renaee.treby@email.com;007dbce853db70bc78f2
almaerinda.stait@email.com;e10dd457ce44676154f9
andraee.reddecliffe@email.com;fc9d4e7ada3a1dcde9ce
laeone.wintle@email.com;f7f01a5714b3d43b192a
gaerald.fellow@email.com;2a30af11be2e0f7626e7
jau.gudger@email.com;c1720852c84ae8ffc739
maeng.o'haire@email.com;5a6a2504d4ce96760882
claeopatre.missington@email.com;6ac70689b3d0643c2faf
annotaes.de_bruyn@email.com;a1ebc307b57f61c55150
gaerald.sinisbury@email.com;2f6e7bf1123b7d504385
craeaez.slora@email.com;ab7fc8060d3ec014a5fa
gisaele.benbow@email.com;d5e6f00aae904921e19f
paal.dossit@email.com;52c4449c0986d2156672
naelie.stirrip@email.com;663bda06c5733fa43224
aloais.o'crigane@email.com;adfac6ac3b02a10adcce
kuai.mcterry@email.com;95e4ba17b04f90a70330
laong.willgoss@email.com;d8546970b25d35976c1a
franacoise.sumpner@email.com;f8739b175ac9241c55a8
maaely.grinstead@email.com;7a99794422eed2556512
craeaez.langeren@email.com;dd655dcf2ada8df80265
adaele.dungate@email.com;1085b0c12e04750e5496
claeopatre.noirel@email.com;4d7a6a2b45ef1ad114a3
intaeressant.daverin@email.com;261f6349c09e16508125
naaeva.kalderon@email.com;7e952871588f24dac0cb
anaais.o'shesnan@email.com;38e41f03ae9b29a04d21
judicaael.anelay@email.com;fecc0c325f56ccbce612
eloaise.braxton@email.com;ea8238f58121eeebfe79
desiraee.greguol@email.com;ed323341daf4971baae6
maaitae.mcclenaghan@email.com;cb16caf3b4cc318123d5
maeng.doret@email.com;d468c050349e87bd11a2
fraedaerique.chippendale@email.com;7ab2d9e315346f5e0f59
andraeanne.lanney@email.com;6997bef1dc19b9ef4b3e
auraelie.claus@email.com;fc56c2a00a92adcb930a
renaee.pabel@email.com;d2c7842493f30d0d2df0
maaena.roust@email.com;d36100dc604f78860745
nadaege.carwithim@email.com;c70827f496ea5ac31e69
solaene.geyton@email.com;fdf1aab3bfbc55d88351
dafnaee.avraham@email.com;8097bb985f06e6d84744
laeane.woolvin@email.com;4c30f65e0062e849bfff
adaele.macadie@email.com;62f674202bb3192365c1
maeline.rubica@email.com;72328a8bf3b701b3148d
marie-noael.speeding@email.com;86a7d1e48c5f9f9f17c0
naelie.mix@email.com;6a1e5db2eea093d4787a
claea.ollett@email.com;00d6c3f41a2521f8f254
laeandre.mcgavin@email.com;0d3eacc60689e0a780d1
caecile.behne@email.com;a6be2905eea90907d1f7
maelanie.polle@email.com;41e14275d1403913443f
marie-josaee.titmuss@email.com;af6532960232af2464fd
haelaena.guest@email.com;2dc349741fb00248bdbb
annotaes.chicchetto@email.com;0d0ef3efe7423eb75292
maelia.tubb@email.com;e141675f6540628a10f1
angaelique.casetti@email.com;253c5d1c970741e4c73f
cunaegonde.cleall@email.com;68de5985076473c2d389
camaelia.oaker@email.com;6bde2e50e1dc3083fb58
yaou.searight@email.com;cb1c9c5e4c0f7b782160
kaevina.dederick@email.com;060b86fd6951cd58b6b9
milaena.jeffrey@email.com;24b2338889d720195991
maelodie.barkshire@email.com;632185d1d76506c64785
gaaelle.kreutzer@email.com;74d27f44d451d4c2f689
kallistae.kleinpeltz@email.com;ad67f2f8a22d9aebb5fe
claementine.danat@email.com;89aa460cb9f56658d1ac
andraea.wabb@email.com;e47ee9dc4b430f79ecf3
gaeraldine.piesold@email.com;24512d03fc95bc8b4dff
taan.fiveash@email.com;c98788da2c0c0c4b2ac1
maeline.yuranovev@email.com;33c8f9da5ff1c2a368ed
thaeraese.holme@email.com;95e8c60c0b73f9a234d3
salomae.vaney@email.com;38c1ae097db529b35d42
anaae.abramson@email.com;6dc3efb601c8d4b12ef5
kallistae.jimson@email.com;f5fe44db8d4e9a4cd9fd
saelaene.yole@email.com;fc10bd8975535c2ca890
agnaes.defraine@email.com;55ff57113870f51390a1
faaites.mccluin@email.com;47b94d10148f99730230
athaena.deme@email.com;16a0c3c1a74168b6e253
daphnaee.brigstock@email.com;2018b819e05e41651bd6
gaesta.skaif@email.com;7455d4e9622b23c29495
ocaeane.jagoe@email.com;9db7ad8ace353ab54a81
annotaes.broomhall@email.com;f1f811d6cfcee79416d6
marie-aeve.ballendine@email.com;edec6212cc91da01d6c8
maelina.spykings@email.com;8147912ae2c5086aea64
lauraene.ticehurst@email.com;fb63d7d80292b97accb3
faei.avramovic@email.com;02aee17dea1204cff4c8
publicitae.strathearn@email.com;d563b084d439905abd1b
torbjaern.garrow@email.com;440213589a2deeb53fd4
chloae.rubinsztein@email.com;f0d7902252a94bca6ac9
mylaene.demanche@email.com;d7c119e630f879706c89
maediamass.godlonton@email.com;84d22da74a9d95be16d8
renaee.shurrocks@email.com;5de35aa38f561cf29eb9
maaiwenn.jedras@email.com;a8bb3e2654e695cd84c8
geneviaeve.castells@email.com;b070b67941c1742ebab5
renaee.sneden@email.com;092cd3b475450a527160
laai.mccallion@email.com;fc7e805949db95494ede
kaevina.impleton@email.com;781e1b49e234151c4ed2
aosten.fresson@email.com;4e0cf89503426cd93c69
vaerane.shawley@email.com;8ea5081028e436ab6828
uao.sjostrom@email.com;f6041e6b3ca3e15f28b9
gisaele.gothup@email.com;44a7d10da968f3d0de88
renaee.beauman@email.com;a199b628b0eca8b00f0f
eliaes.loton@email.com;440b3c4b6ca6dbbe85e0
valaerie.elsmore@email.com;2e2aa32560ed693322f9
baerangaere.de_la_feld@email.com;73198a2ec2bc83aff9d6
bjaern.schimke@email.com;b82956a72d1b0fcc75a8
loaic.ericssen@email.com;c52836fa0ea28b9f06aa
craeaez.richarz@email.com;2e45f5d610e2dc283f83
athaena.grocott@email.com;c060f9f1b0f2991d4b0c
naaelle.piotr@email.com;151edb5c4926255d8f73
maaella.paulson@email.com;9ae42e1c2bad7ffdbd98
saong.perot@email.com;514aea1179b8853a7701
kallistae.heckney@email.com;ec2f478ca1b623d29efb
aake.vasyutkin@email.com;0eb597818cea441943d1
maa.castles@email.com;f470e0e15d9023112b2e
maaely.monget@email.com;e9fc28014e03a62e8119
taang.durbridge@email.com;e36d1a0201ded2fdd2ce
lauraene.andrew@email.com;f1a4b9a80fa3def42806
lysaea.beacon@email.com;df181f8533728fe87124
laeandre.peyntue@email.com;ffb04a9cd62624a283b4
raao.trever@email.com;1a5d05f2f6d74c3e4c87
mahaelie.streader@email.com;54f48a5a9a6b08b57847
maerta.andrejevic@email.com;fb61729ee47d6ea16a5c
gaesta.tompkins@email.com;6e02574287b44a69db86
haelaena.agates@email.com;45a0e04774a5b566ea3d
thaeraese.glass@email.com;c3424448b458f721f99b
aloais.foan@email.com;749b3026cddaa5707560
baecassine.melchior@email.com;62878916afcb50c22a74
cloae.robart@email.com;b2a0b3a262c123413267
daniaele.puckinghorne@email.com;f5907787a75be662f8e2
saelaene.cammidge@email.com;c0bf33a3876879074cc2
raegine.conochie@email.com;069b25dd9942e88da09e
intaeressant.tuiller@email.com;6df4416f2129e9d8bc14
laong.tiebe@email.com;f0b8b2ba5d34c9623a44
maans.yele@email.com;b0dd427a6bb151122c21
aai.giles@email.com;4a34f69c90448c4f77c3
gaaetane.hamberston@email.com;43e10b3920a58aed0b2f
marylaene.fenix@email.com;418ba6308273f465b5ea
gaeraldine.graeme@email.com;c6e91f06095c3d7c61bc
taang.kinglake@email.com;1edb5fb4e0ecbde7ddeb
laai.challoner@email.com;0a08134ee94584f9ed83
desiraee.mattei@email.com;a77586b5414f862b919f
aake.erley@email.com;be31592231df8d47af25
edmaee.cavil@email.com;ae90a71fca49f487b0f8
aloais.moyes@email.com;e85efa015935205744d8
baecassine.pitman@email.com;8e8f37b2d2fc419a520f
aai.giacovelli@email.com;b83e368dc01d4fa01ac0
judicaael.fruchter@email.com;0054afbbfa78cb31ea87
maans.mogg@email.com;808fc6e22b1444149485
gaerald.foyle@email.com;48c8c0cd2dbd9a707c6a
waa.androletti@email.com;bb7087d1920aaf0cf928
maeng.ollett@email.com;bdb5489cfe868ff1b442
naaelle.macmenamy@email.com;1e6253b16d8cff5e8394
gisaele.mcramsey@email.com;e69ed2028c24cc437bc9
maeryl.scolts@email.com;ebfbbb6bc45bc1f2ed85
caelia.bloxsome@email.com;fc7ad5654d02dcd34a40
styrbjaern.stuke@email.com;dded6ce88f64383ed6f6
faelicie.gwilliam@email.com;db33d7a575a52f440b4e
daa.harms@email.com;6d1a2e90ba123f71e836
caelestine.baulk@email.com;25047fb19ce76e81e5bd
mahaelie.blackledge@email.com;cb2e796ac57e42082401
maeghane.salt@email.com;38b344768ffc18d71120
maethode.paxeford@email.com;3dd352e47c7c1e5bc53c
aaslaeg.milligan@email.com;3514aa650c1e60d82ed6
yaou.pellman@email.com;ee79c93945eb4ee92e29
loaic.regenhardt@email.com;23f3f899cd651087828e
daniaele.savill@email.com;6d37c83ad6d19173a67a
aloais.cornu@email.com;c278592e73114e93e446
aosten.govey@email.com;41348277e0cb7901aa71
marie-aeve.louch@email.com;22bfe932d0e101189f84
thaeraesa.wenn@email.com;cee00b98d63e70e3598e
andraee.eul@email.com;f19286172f15bd0351c1
liae.paynton@email.com;631ffa3cbc355ca429d0
marie-aeve.girodier@email.com;f778d026e7d08ab45db6
marie-noael.smithe@email.com;48d0123b5d2b3c18f6b5
maen.bootyman@email.com;ffd1009f11ea73c7f71a
kau.sugg@email.com;3de47824e5a0f81ee7e3
lucraece.roseman@email.com;6c870f1b2b469f03c662
zoae.annear@email.com;d646bb80b5b8992100cc
marie-haelaene.rennebach@email.com;5d257a5f5da315e8c232
laea.djurdjevic@email.com;172359b02eb7fe7eedd5
gaerel.robert@email.com;c82b5e0b5e4709a7ca46
mylaene.foldes@email.com;b3ba23a3a3ee6bd5eaf9
faaites.clegg@email.com;657a7ef13dafd3dbdadb
marylaene.crowcher@email.com;510388289222c945a9ce
aimaee.wimpeney@email.com;6339268dd4a41a47e5bb
renaee.atkins@email.com;f59de31cc0396d386026
raejane.cainey@email.com;920936d5418fc98776a1
solaene.britney@email.com;5e14cc72802e59668228
maarten.shatliffe@email.com;cd98ba4de94f9810771e
maaitae.issatt@email.com;33c5065c6f1fad4387cc
maaelyss.edon@email.com;8733c12899a660e96ce0
nuao.bamling@email.com;566930b595fc570fee67
anaais.edards@email.com;fa241b588f83c7952fc4
maediamass.bromet@email.com;29af36b72d26428dc3bb
baeatrice.kimbrey@email.com;465c38220afb2a81bf3c
inaes.lawranson@email.com;e758dfc93eb05d7f6d8d
kallistae.scandroot@email.com;aee4220708dff4273e61
maans.barrowcliffe@email.com;682538ea83c8a655dac7
iraene.couves@email.com;ba1e24d129750b59773d
milaena.mucci@email.com;8781b9b4a279ab5cd4ed
naaeva.cow@email.com;8c9d8a02e92b991c3b9f
audraeanne.mournian@email.com;159a772080de66ba7d7b
maelia.sinnatt@email.com;cb00e4d06a370c0076b6
naelie.burnard@email.com;f7fdc61f9460a0a39e46
claelia.ashfull@email.com;be212892c04e704412d1
liae.macard@email.com;b79eedd5231f3ebf06e8
valaerie.matoshin@email.com;17d4fbcb412255d28d53
anaael.hatherleigh@email.com;2a5e84cf7705efda75fd
intaeressant.warratt@email.com;21d204f451427dd340fc
elaeonore.volage@email.com;474c548ad55f54cfd578
zoae.stebbing@email.com;7017e08fb8fd846de05a
alizaee.nye@email.com;fa84a092767880a64669
caelestine.bramley@email.com;032ceb8f0d7fdf6537dd
saelaene.philcott@email.com;29aaf479e08abcf1b245
taang.newens@email.com;96b8853564361bbd3411
annotaes.powys@email.com;ff97236b8d5a9f3c6bf1
laea.matthesius@email.com;8d417437886fd1c63eed
illustraee.garlett@email.com;0226aa656d0c40fceea5
maaiwenn.meachem@email.com;da88c68d7d6dc46e86ba
marie-franacoise.mcbrady@email.com;f4585b767d71e9616fbc
illustraee.gimbart@email.com;790690fac43cd284f13b
maelys.lyosik@email.com;398049856dc297eb5a47
marylaene.mcnab@email.com;085bf0650702cf2302fa
gaerald.blount@email.com;e36b23af7817ff49b8e2
claelia.shakelade@email.com;573b237223fda4ef514e
paenaelope.cridlin@email.com;07b0e366a9fdfe58eed8
maaena.o'kuddyhy@email.com;43ec1deb0808b4c0f39a
athaena.keynd@email.com;251194c3f491cab1587f
cloae.dwine@email.com;88efe713f9014960959c
josaephine.browett@email.com;4e3d80aac6c3acbd4f6e
audraeanne.o'scanlon@email.com;c7520e14cb70ac918e61
faei.jeanequin@email.com;e5c39ceb0b9ae3b7496c
loais.gormally@email.com;fe11b3fbad3b9ef2e64b
marie-franacoise.finnigan@email.com;c64d4f35a9ce8a3d9a17
laeonore.trussman@email.com;85d63ba436b8429eefe1
anaaelle.trumper@email.com;8f06c456089e18ff3f0d
claemence.dionis@email.com;b5a9334b396f82b0901e
loais.tranmer@email.com;6907d3f76ab11bad023f
intaeressant.volett@email.com;f98ce4b5d9fb23c60c55
personnalisaee.deackes@email.com;9f491a63bfcd4cb3791c
liae.vasiliu@email.com;9c4e01b444a5ab3c7bdd
dafnaee.lamputt@email.com;3783f6c67c81a9be3b63
eliaes.bromige@email.com;e6eba58dd30930413eb0
haelaena.klosser@email.com;b3ee5c102758ff34a4e2
andraee.grim@email.com;513bc24850d353523ce3
vaerane.coldbath@email.com;049cdc4d3c445cabb03b
haelaena.bethell@email.com;9cb03dd1658670b1a26b
kallistae.carefull@email.com;a93bd64d89cb1aac5960
raegine.odams@email.com;fde0edc97eb0338975ea
laen.stannus@email.com;983b2bc029e80776c63d
angaelique.works@email.com;7f3c4dd62f51a4e98566
gaesta.rheaume@email.com;f2a8bbb0e82690268664
maaelys.tynnan@email.com;7e0d0b92627de60fb097
maaelle.carlesi@email.com;665d359a41dff60eb8dd
anaael.spurden@email.com;56912707669fa9a036d4
haelaene.pumfrett@email.com;f156e42e716bd4200962
gaerel.pearn@email.com;49ce9c2ae4bfea9134ea
lauraelie.de_zamora@email.com;73e8d05781c781ff8534
yaao.twidale@email.com;35ea43c0e8bf4423f970
baerengaere.sola@email.com;451c5cda24b500b3faf9
maaelann.hardistry@email.com;57f60b1e58c5cacbe612
saeverine.littlefield@email.com;fee90c115586fb69980f
salomae.heinl@email.com;852ae0c37b83787c854a
maeryl.warbey@email.com;83741355a240eb18ad08
daa.hunstone@email.com;11c5f87fc4c82ddc347d
vaenus.broadbury@email.com;cc7142fc541051123231
maeghane.rentelll@email.com;dc349b8e5489c5b6d538
marylaene.drewitt@email.com;700c6cc736bc7f39f3b1
maelinda.jacquemet@email.com;ea8f019dee196c5a4d82
marie-josaee.keyden@email.com;92486cca64ad9907e464
aaslaeg.montacute@email.com;ebf3e68b162dcb9a88e3
kau.andreou@email.com;186aa8438ed492b7cbf3
personnalisaee.feaveer@email.com;c0e9b6c6149287148a05
laaila.emptage@email.com;9f1f36d85891acea372c
bjaern.dawdry@email.com;c810fe52e7b01c1718af
marie-aeve.dinsell@email.com;f6d71d194c5c38675dff
haelaene.follett@email.com;5ac61814d20bd4af3f42
paenaelope.cordero@email.com;746c59ce6e730bd6675a
baerje.beedell@email.com;2fbec86c4add8f036519
naelie.ferne@email.com;15be08c8cbd9a8b45959
caeline.ahmed@email.com;46648d3b5b53f69e45d5
staevina.pimblett@email.com;997662ce6402332a1be8
chloae.langlands@email.com;36ef14dda15556b096ee
simplifiaes.maude@email.com;9cd009974714fe7eaa35
geneviaeve.de_carteret@email.com;de559b54d0f85dbc5b4f
marylaene.mughal@email.com;b7f93f7615fea5d61a46
gaeran.guttridge@email.com;23ab662cfdb0db88e8e9
michaele.smurfitt@email.com;2b1c1e57be03f4b2dfee
maethode.hadeke@email.com;edbe0e8e31822626c128
thaeraese.rispine@email.com;e7e134b835e312895aaf
gaerel.plumley@email.com;80f6104ad7588c3be5ad
ocaeane.friett@email.com;7eb76584ab64db67adb6
marie-noael.achromov@email.com;fdc422944793aa76c85f
dorothaee.storek@email.com;78aea4bbdd10ffad27a4
gaesta.whittle@email.com;b51e9d6f22af254b2abe
desiraee.casely@email.com;570dc6019b369beb5bc7
faelicie.condon@email.com;ec15b5b5106d433ddd00
maaelyss.frisdick@email.com;2f5e4396bb97c256d9f5
aimaee.banke@email.com;7e0c3fb0bb91810f96df
naaeva.hodcroft@email.com;3b749d68ccff3f7340a2
laaila.gerrans@email.com;0567e7ade73e14a34f9e
daniaele.scrimshire@email.com;4f9682752a0107c46604
daphnaee.sheerin@email.com;62d2b460359e0f9337f0
paal.vanyukov@email.com;2e59799b03ac4182e860
zoae.childs@email.com;feb1679cf9a8cf4197dc
aai.corde@email.com;8df43601e71a97158095
maaelys.berryann@email.com;da7c3d2b4dcaf0b3570f
cloae.gladding@email.com;648654d9dbc7571ec313
waa.kinnaird@email.com;8a32161d1b74c1b1922a
publicitae.brittoner@email.com;954de4c02b68098cbcca
raao.windress@email.com;75087a39a6f94bef4181
uao.kollach@email.com;de37b3784b3a2c7b43ae
josaee.peskett@email.com;37426e1619c0374ba5b2
annotaee.hasel@email.com;13f60deb508173239a09
cinaema.lee@email.com;5e1f6784679040fe0a1b
laai.vedeshkin@email.com;1dfbfd21edd652b8b856
renaee.brisbane@email.com;c77f03634f67fdce7dca
ophaelie.blincoe@email.com;7566ecf50e8d77586df7
zhai.prazor@email.com;5c181f63602ec761cd2b
annotaee.maddicks@email.com;11446fc3fc10a27c12bf
maaelyss.codd@email.com;adc5b34d9b6429559939
caelia.peplay@email.com;c32fad3d49d65ada3e81
intaeressant.skone@email.com;13bcf0128e485c86f3b5
audraeanne.hebdon@email.com;94fe28ebdea620267d3d
ocaeane.glen@email.com;0dff15582f71f496715c
daniaele.vanyushkin@email.com;db22330b19c3e8b8f4d9
daphnaee.ayce@email.com;5d917785a733387956ee
andraea.attride@email.com;2afe15b0fc50fd652534
paenaelope.bridgwood@email.com;c8bd097d9c3fdfc1016f
maailis.drewitt@email.com;e95f90efdc25bfe722a0
paenaelope.mollene@email.com;2a85311f60a2ae77a155
illustraee.keely@email.com;d532a2ec2176417e1ad0
maeng.brisseau@email.com;71b9737c6145f0183d59
ruao.cleiment@email.com;e66b21528b088df5204c
maaitae.krammer@email.com;32993e80fe0152a2e0d1
geneviaeve.verry@email.com;f0bcabce14e8c0056b3e
laea.o'lochan@email.com;cf002c5f14fbd69119e4
naaelle.brunnen@email.com;b7583d27903b9d27c043
gaesta.bragginton@email.com;901ac11b01a077204914
faei.danilyuk@email.com;935771f50800ac2d6cae
adaelie.turbitt@email.com;c19c572ffed63f7bdb21
marylaene.nutman@email.com;5e663a90fbffce7d0272
thaeraese.barbrick@email.com;5e307c9ce972568599f8
maelys.kolodziej@email.com;4ae5433ab7d7e6ec6369
maelanie.runchman@email.com;bd128fbb11a1583cfe0d
saeraena.lafond@email.com;a46bb1822960f0a60654
paelagie.desmond@email.com;42fb8a27f13a1befc5c9
waa.spickett@email.com;6143cc48107351648de1
pao.shave@email.com;5266990aa7348d188ede
saong.huikerby@email.com;b45f3f00f956e9631dc0
maelinda.bimson@email.com;2eff5801d1b66be22c3b
personnalisaee.toffanelli@email.com;d02a55da8edcc7ec95a5
laeandre.hurn@email.com;c9005acc146482bbe482
aosten.standell@email.com;b20249a8bfe3a0cd5307
naaelle.smaleman@email.com;dca9c0ada0208015725e
baeraenice.tayt@email.com;b90476f3f9ec14b38ff0
kuai.popplewell@email.com;28826c916dc826d8a16c
maelodie.ferandez@email.com;01304c820163898ea96f
josaee.negal@email.com;f2f7ecbbf0cc9b5f407a
maelissandre.ferrelli@email.com;548b54f4533ea82da3df
josaephine.kemmer@email.com;5fc77dccf0efc30e3c69
maaely.cayette@email.com;2d636621c506cca59b8f
naelie.vela@email.com;a886c8eab6ad6e1395fd
maelina.cortes@email.com;98e0cd8d0a93c2debc04
maegane.leyshon@email.com;096379e06f1a14424f8a
raegine.harrie@email.com;fdca8576c02771f90e42
mylaene.widdison@email.com;1f59a02b8121a2ca886b
paelagie.vivash@email.com;df2800a4e7cdf07ad8a2
styrbjaern.vicarey@email.com;d5c4f3d9d3ed2f4bac51
laong.kyles@email.com;3f14baabc9a501a0a508
staephanie.gipps@email.com;94be4cc31434d8628685
claea.constantine@email.com;603d1ca108ca5f71de33
maaella.cometto@email.com;ffe22ac8b2b644412969
laaila.aubrun@email.com;b91de80730cd03e2c75a
yaao.austins@email.com;68c8f31f7951dc75a039
maailys.rylstone@email.com;f5bf802fc586e3adf302
adaelie.curuclis@email.com;82186b17030cadcda338
caeline.longhurst@email.com;139a762fb4c425a03cff
gisaele.hazell@email.com;d0fc18e749be36800b85
caelestine.ciccone@email.com;6d5f5120d519e2005ce5
maaelyss.doole@email.com;b06e5722bb6fb09c377d
haelaene.grimsdike@email.com;fae42819febff8c9a50a
liae.macer@email.com;22a47f6dd72e4ebef064
maaely.izard@email.com;3ec36662692657d805da
erwaei.breewood@email.com;07c03b29369e45f63c57
chloae.woolford@email.com;70bdc52729d43869bcaf
claeopatre.turpin@email.com;1f72ce681463a5f8d40e
maelodie.surgison@email.com;15556a8c4074432c5898
eliaes.leander@email.com;3a97b5e1d6f75eff6c81
maediamass.reignould@email.com;c00fc688024c885156e2
caelestine.wasmuth@email.com;474f301d25b15a96ceda
maarten.jervis@email.com;bd6d7ac191c4bd50629d
daphnaee.bour@email.com;d08249f9efff2e2a73f0
raegine.harlett@email.com;437d6f7c2d4116cb992e
noaemie.macaskie@email.com;22ec12c9badfb3459a17
loaic.renfield@email.com;739592453e25517462a1
vaenus.kleinert@email.com;cd98566bd57dd3dd977c
maarten.burlay@email.com;8f17a8fb2e86475f49b6
baerengaere.radsdale@email.com;c835a32d5d2628439d5b
geneviaeve.duckit@email.com;d79ca0b1907262dd6fa4
maaely.ligerton@email.com;aa60754b98ca3edb95cf
maaeline.ricciardelli@email.com;589e1ddbfd4ef4c62abe
personnalisaee.yggo@email.com;748dbe461fe19eefb2d9
alizaee.pettinger@email.com;8faf272ec8707da9f563
desiraee.curnnokk@email.com;10c1ab005feffb9ae5e7
dorothaee.minors@email.com;61d7487e167e663b9787
ocaeanne.kopmann@email.com;f05473ae2c695f849f59
almaerinda.brodbin@email.com;b38fa7d982a27ed8efd9
yaenora.carsberg@email.com;465d714f2152cdcf7d53
waa.beetles@email.com;4116cda9fddeb8439640
audraeanne.abbot@email.com;bb10048400ab83db1b06
noaemie.capper@email.com;212149fec7b3d005afc6
maans.abramamov@email.com;47bb4d1919d188e23e18
audraeanne.blakey@email.com;5e09886d2c388d9401b6
laeone.klimpke@email.com;e189cc74eadd9940af88
liae.croston@email.com;1c24e269477c78656fc2
anaaelle.baistow@email.com;c696eba29a8470ddb883
michaele.garwood@email.com;d0c76a6b6e60935e947f
intaeressant.albion@email.com;f56e8d17bf01bc4f9dee
andrae.brisco@email.com;b91d1df435d7fb814789
taang.totterdill@email.com;ca994fa607349b1bd6d7
marie-josaee.braundt@email.com;c6f6127119b34bcb46f1
loais.galer@email.com;73a3e00facac0425e3a1
faaites.pellamonuten@email.com;5a1b26533469e33a635d
maai.barfford@email.com;b6b8b10d8bbf60b04157
lauraene.macilory@email.com;72fd8fa212e1f9ac0c07
elaea.peak@email.com;70304da183d323ea7671
raejane.doni@email.com;6297fa73b8d07366faf7
mahaelie.ector@email.com;33d8445ede5cc3232c9f
rachaele.allum@email.com;261104cbe0eceac00eaf
laaila.gerretsen@email.com;86a7554e9749a95eb7ff
inaes.bowman@email.com;b7ab595fa842fe3cdf58
publicitae.barbary@email.com;48c8c0cd2dbd9a707c6a
maailys.smooth@email.com;abdf3410bb326906ac72
maailis.huguenet@email.com;825ecbf67455a18e9d61
